{
  "project" : {
    "id" : "chto_nadet_-39012-Qpe",
    "name" : "chto_nadet_-39012-Qpe",
    "folder" : "/jaicp"
  },
  "settings" : {
    "language" : "ru",
    "spellingCorrection" : false,
    "classificationAlgorithm" : "sts",
    "timezone" : "Europe/Moscow",
    "extendedSettings" : {
      "tokenizerEngine" : "mystem"
    },
    "shared" : false
  },
  "intents" : [ {
    "id" : 71611,
    "path" : "/dressUp",
    "answer" : "",
    "enabled" : true,
    "shared" : false,
    "phrases" : [ ],
    "patterns" : [ "Надень @одежда" ],
    "slots" : [ ]
  }, {
    "id" : 148051,
    "path" : "/checkStatus",
    "enabled" : true,
    "shared" : false,
    "phrases" : [ {
      "text" : "статус платежа"
    }, {
      "text" : "проверь статус"
    }, {
      "text" : "проверь платеж"
    } ],
    "patterns" : [ ]
  }, {
    "id" : 149772,
    "path" : "/hasElephant",
    "enabled" : true,
    "shared" : false,
    "phrases" : [ {
      "text" : "есть ли слон"
    }, {
      "text" : "имеется ли слон"
    }, {
      "text" : "есть слон"
    } ],
    "patterns" : [ ]
  }, {
    "id" : 147959,
    "path" : "/buySomething",
    "enabled" : true,
    "shared" : false,
    "phrases" : [ {
      "text" : "купи слона"
    }, {
      "text" : "купить слона"
    }, {
      "text" : "купи слон"
    } ],
    "patterns" : [ ],
    "slots" : [ ]
  } ],
  "entities" : [ {
    "entity" : {
      "id" : 53043,
      "name" : "одежда",
      "enabled" : true,
      "shared" : false,
      "type" : "annotation",
      "priority" : 1,
      "noSpelling" : false,
      "noMorph" : false
    },
    "records" : [ {
      "id" : 1284205,
      "type" : "synonyms",
      "rule" : [ "Шапка", "Куртка", "Перчатки", "Ботинки", "Варежки" ],
      "value" : ""
    } ]
  } ],
  "enabledSystemEntities" : [ "duckling.number", "duckling.time", "duckling.duration", "duckling.phone-number", "duckling.email", "duckling.url" ]
}